1,Michael,Smith
2,James,Johnson
3,John,Williams
4,Robert,Brown
5,David,Jones
6,William,Miller
7,Mary,Davis
8,Christopher,Garcia
9,Joseph,Rodriguez
10,Richard,Wilson
11,Daniel,Martinez
12,Thomas,Anderson
13,Matthew,Taylor
14,Jennifer,Thomas
15,Charles,Hernandez
16,Anthony,Moore
17,Patricia,Martin
18,Linda,Jackson
19,Mark,Thompson
20,Elizabeth,White
21,Joshua,Lopez
22,Steven,Lee
23,Andrew,Gonzalez
24,Kevin,Harris
25,Brian,Clark
26,Barbara,Lewis
27,Jessica,Robinson
28,Jason,Walker
29,Susan,Perez
30,Timothy,Hall
31,Paul,Young
32,Kenneth,Allen
33,Lisa,Sanchez
34,Ryan,Wright
35,Sarah,King
36,Karen,Scott
37,Jeffrey,Green
38,Donald,Baker
39,Ashley,Adams
40,Eric,Nelson
41,Jacob,Hill
42,Nicholas,Ramirez
43,Jonathan,Campbell
44,Ronald,Mitchell
45,Michelle,Roberts
46,Kimberly,Carter
47,Nancy,Phillips
48,Justin,Evans
49,Sandra,Turner
50,Amanda,Torres
51,Brandon,Parker
52,Stephanie,Collins
53,Emily,Edwards
54,Melissa,Stewart
55,Gary,Flores
56,Edward,Morris
57,Stephen,Nguyen
58,Scott,Murphy
59,George,Rivera
60,Donna,Cook
61,Jose,Rogers
62,Rebecca,Morgan
63,Deborah,Peterson
64,Laura,Cooper
65,Cynthia,Reed
66,Carol,Bailey
67,Amy,Bell
68,Margaret,Gomez
69,Gregory,Kelly
70,Sharon,Howard
71,Larry,Ward
72,Angela,Cox
73,Maria,Diaz
74,Alexander,Richardson
75,Benjamin,Wood
76,Nicole,Watson
77,Kathleen,Brooks
78,Patrick,Bennett
79,Samantha,Gray
80,Tyler,James
81,Samuel,Reyes
82,Betty,Cruz
83,Brenda,Hughes
84,Pamela,Price
85,Aaron,Myers
86,Kelly,Long
87,Heather,Foster
88,Rachel,Sanders
89,Adam,Ross
90,Christine,Morales
91,Zachary,Powell
92,Debra,Sullivan
93,Katherine,Russell
94,Dennis,Ortiz
95,Nathan,Jenkins
96,Christina,Gutierrez
97,Julie,Perry
98,Jordan,Butler
