Michael,Smith
James,Johnson
John,Williams
Robert,Brown
David,Jones
William,Miller
Mary,Davis
Christopher,Garcia
Joseph,Rodriguez
Richard,Wilson
Daniel,Martinez
Thomas,Anderson
Matthew,Taylor
Jennifer,Thomas
Charles,Hernandez
Anthony,Moore
Patricia,Martin
Linda,Jackson
Mark,Thompson
Elizabeth,White
Joshua,Lopez
Steven,Lee
Andrew,Gonzalez
Kevin,Harris
Brian,Clark
Barbara,Lewis
Jessica,Robinson
Jason,Walker
Susan,Perez
Timothy,Hall
Paul,Young
Kenneth,Allen
Lisa,Sanchez
Ryan,Wright
Sarah,King
Karen,Scott
Jeffrey,Green
Donald,Baker
Ashley,Adams
Eric,Nelson
Jacob,Hill
Nicholas,Ramirez
Jonathan,Campbell
Ronald,Mitchell
Michelle,Roberts
Kimberly,Carter
Nancy,Phillips
Justin,Evans
Sandra,Turner
Amanda,Torres
Brandon,Parker
Stephanie,Collins
Emily,Edwards
Melissa,Stewart
Gary,Flores
Edward,Morris
Stephen,Nguyen
Scott,Murphy
George,Rivera
Donna,Cook
Jose,Rogers
Rebecca,Morgan
Deborah,Peterson
Laura,Cooper
Cynthia,Reed
Carol,Bailey
Amy,Bell
Margaret,Gomez
Gregory,Kelly
Sharon,Howard
Larry,Ward
Angela,Cox
Maria,Diaz
Alexander,Richardson
Benjamin,Wood
Nicole,Watson
Kathleen,Brooks
Patrick,Bennett
Samantha,Gray
Tyler,James
Samuel,Reyes
Betty,Cruz
Brenda,Hughes
Pamela,Price
Aaron,Myers
Kelly,Long
Heather,Foster
Rachel,Sanders
Adam,Ross
Christine,Morales
Zachary,Powell
Debra,Sullivan
Katherine,Russell
Dennis,Ortiz
Nathan,Jenkins
Christina,Gutierrez
Julie,Perry
Jordan,Butler